地区,日期,期次/发布日期,商品,规格,单位,价格,日变化,日变化率,月变化,月变化率,口径,采价点数,官方环比,来源链接
福州市,2026-09-23,2026年9月23日福州市主副食品集超均价表,晚籼米,标一,元/500克,2.68,,,,,福州市主副食品集超均价表，集超均价,,,https://fgw.fuzhou.gov.cn/fgwzwgk/fzgggz/jgysf/msspjgxq/zfsp/202609/t20260923_5375149.htm
福州市,2026-09-23,2026年9月23日福州市主副食品集超均价表,粳米,标一,元/500克,2.97,,,,,福州市主副食品集超均价表，集超均价,,,https://fgw.fuzhou.gov.cn/fgwzwgk/fzgggz/jgysf/msspjgxq/zfsp/202609/t20260923_5375149.htm
福州市,2026-09-23,2026年9月23日福州市主副食品集超均价表,花生油,桶装一级,元/5升,106.09,,,,,福州市主副食品集超均价表，集超均价,,,https://fgw.fuzhou.gov.cn/fgwzwgk/fzgggz/jgysf/msspjgxq/zfsp/202609/t20260923_5375149.htm
福州市,2026-09-23,2026年9月23日福州市主副食品集超均价表,菜籽油,桶装一级,元/5升,68.88,,,,,福州市主副食品集超均价表，集超均价,,,https://fgw.fuzhou.gov.cn/fgwzwgk/fzgggz/jgysf/msspjgxq/zfsp/202609/t20260923_5375149.htm
福州市,2026-09-23,2026年9月23日福州市主副食品集超均价表,大豆油,桶装一级,元/5升,57.32,,,,,福州市主副食品集超均价表，集超均价,,,https://fgw.fuzhou.gov.cn/fgwzwgk/fzgggz/jgysf/msspjgxq/zfsp/202609/t20260923_5375149.htm
福州市,2026-09-23,2026年9月23日福州市主副食品集超均价表,调和油,桶装一级,元/5升,66.74,,,,,福州市主副食品集超均价表，集超均价,,,https://fgw.fuzhou.gov.cn/fgwzwgk/fzgggz/jgysf/msspjgxq/zfsp/202609/t20260923_5375149.htm
福州市,2026-09-23,2026年9月23日福州市主副食品集超均价表,猪瘦肉,新鲜,元/500克,14.80,,,,,福州市主副食品集超均价表，集超均价,,,https://fgw.fuzhou.gov.cn/fgwzwgk/fzgggz/jgysf/msspjgxq/zfsp/202609/t20260923_5375149.htm
福州市,2026-09-23,2026年9月23日福州市主副食品集超均价表,猪肋条肉,新鲜,元/500克,15.73,,,,,福州市主副食品集超均价表，集超均价,,,https://fgw.fuzhou.gov.cn/fgwzwgk/fzgggz/jgysf/msspjgxq/zfsp/202609/t20260923_5375149.htm
福州市,2026-09-23,2026年9月23日福州市主副食品集超均价表,牛肉,去骨肉,元/500克,48.08,,,,,福州市主副食品集超均价表，集超均价,,,https://fgw.fuzhou.gov.cn/fgwzwgk/fzgggz/jgysf/msspjgxq/zfsp/202609/t20260923_5375149.htm
福州市,2026-09-23,2026年9月23日福州市主副食品集超均价表,羊肉,带骨肉,元/500克,44.80,,,,,福州市主副食品集超均价表，集超均价,,,https://fgw.fuzhou.gov.cn/fgwzwgk/fzgggz/jgysf/msspjgxq/zfsp/202609/t20260923_5375149.htm
福州市,2026-09-23,2026年9月23日福州市主副食品集超均价表,鸡肉,白条鸡,元/500克,16.24,,,,,福州市主副食品集超均价表，集超均价,,,https://fgw.fuzhou.gov.cn/fgwzwgk/fzgggz/jgysf/msspjgxq/zfsp/202609/t20260923_5375149.htm
福州市,2026-09-23,2026年9月23日福州市主副食品集超均价表,鸭肉,白条鸭,元/500克,16.90,,,,,福州市主副食品集超均价表，集超均价,,,https://fgw.fuzhou.gov.cn/fgwzwgk/fzgggz/jgysf/msspjgxq/zfsp/202609/t20260923_5375149.htm
福州市,2026-09-23,2026年9月23日福州市主副食品集超均价表,普通鸡蛋,新鲜完整,元/500克,6.77,,,,,福州市主副食品集超均价表，集超均价,,,https://fgw.fuzhou.gov.cn/fgwzwgk/fzgggz/jgysf/msspjgxq/zfsp/202609/t20260923_5375149.htm
福州市,2026-09-23,2026年9月23日福州市主副食品集超均价表,普通鸭蛋,新鲜完整,元/500克,8.27,,,,,福州市主副食品集超均价表，集超均价,,,https://fgw.fuzhou.gov.cn/fgwzwgk/fzgggz/jgysf/msspjgxq/zfsp/202609/t20260923_5375149.htm
福州市,2026-09-23,2026年9月23日福州市主副食品集超均价表,活草鱼,鲜活,元/500克,11.52,,,,,福州市主副食品集超均价表，集超均价,,,https://fgw.fuzhou.gov.cn/fgwzwgk/fzgggz/jgysf/msspjgxq/zfsp/202609/t20260923_5375149.htm
福州市,2026-09-23,2026年9月23日福州市主副食品集超均价表,活鳙鱼（大头鲢）,鲜活,元/500克,13.92,,,,,福州市主副食品集超均价表，集超均价,,,https://fgw.fuzhou.gov.cn/fgwzwgk/fzgggz/jgysf/msspjgxq/zfsp/202609/t20260923_5375149.htm
福州市,2026-09-23,2026年9月23日福州市主副食品集超均价表,冻带鱼,冷冻,元/500克,22.37,,,,,福州市主副食品集超均价表，集超均价,,,https://fgw.fuzhou.gov.cn/fgwzwgk/fzgggz/jgysf/msspjgxq/zfsp/202609/t20260923_5375149.htm
福州市,2026-09-23,2026年9月23日福州市主副食品集超均价表,黄瓜鱼,冰鲜,元/500克,28.21,,,,,福州市主副食品集超均价表，集超均价,,,https://fgw.fuzhou.gov.cn/fgwzwgk/fzgggz/jgysf/msspjgxq/zfsp/202609/t20260923_5375149.htm
福州市,2026-09-23,2026年9月23日福州市主副食品集超均价表,马胶鱼,冰鲜,元/500克,27.37,,,,,福州市主副食品集超均价表，集超均价,,,https://fgw.fuzhou.gov.cn/fgwzwgk/fzgggz/jgysf/msspjgxq/zfsp/202609/t20260923_5375149.htm
福州市,2026-09-23,2026年9月23日福州市主副食品集超均价表,鱿鱼,冰鲜,元/500克,50.59,,,,,福州市主副食品集超均价表，集超均价,,,https://fgw.fuzhou.gov.cn/fgwzwgk/fzgggz/jgysf/msspjgxq/zfsp/202609/t20260923_5375149.htm
福州市,2026-09-23,2026年9月23日福州市主副食品集超均价表,活明虾,鲜活,元/500克,29.96,,,,,福州市主副食品集超均价表，集超均价,,,https://fgw.fuzhou.gov.cn/fgwzwgk/fzgggz/jgysf/msspjgxq/zfsp/202609/t20260923_5375149.htm
福州市,2026-09-23,2026年9月23日福州市主副食品集超均价表,活花蛤,鲜活,元/500克,10.18,,,,,福州市主副食品集超均价表，集超均价,,,https://fgw.fuzhou.gov.cn/fgwzwgk/fzgggz/jgysf/msspjgxq/zfsp/202609/t20260923_5375149.htm
福州市,2026-09-23,2026年9月23日福州市主副食品集超均价表,土豆,新鲜,元/500克,2.19,,,,,福州市主副食品集超均价表，集超均价,,,https://fgw.fuzhou.gov.cn/fgwzwgk/fzgggz/jgysf/msspjgxq/zfsp/202609/t20260923_5375149.htm
福州市,2026-09-23,2026年9月23日福州市主副食品集超均价表,白萝卜,新鲜,元/500克,1.89,,,,,福州市主副食品集超均价表，集超均价,,,https://fgw.fuzhou.gov.cn/fgwzwgk/fzgggz/jgysf/msspjgxq/zfsp/202609/t20260923_5375149.htm
福州市,2026-09-23,2026年9月23日福州市主副食品集超均价表,红萝卜,新鲜,元/500克,2.23,,,,,福州市主副食品集超均价表，集超均价,,,https://fgw.fuzhou.gov.cn/fgwzwgk/fzgggz/jgysf/msspjgxq/zfsp/202609/t20260923_5375149.htm
福州市,2026-09-23,2026年9月23日福州市主副食品集超均价表,蒜苔,新鲜,元/500克,8.56,,,,,福州市主副食品集超均价表，集超均价,,,https://fgw.fuzhou.gov.cn/fgwzwgk/fzgggz/jgysf/msspjgxq/zfsp/202609/t20260923_5375149.htm
福州市,2026-09-23,2026年9月23日福州市主副食品集超均价表,芹菜,新鲜,元/500克,7.32,,,,,福州市主副食品集超均价表，集超均价,,,https://fgw.fuzhou.gov.cn/fgwzwgk/fzgggz/jgysf/msspjgxq/zfsp/202609/t20260923_5375149.htm
福州市,2026-09-23,2026年9月23日福州市主副食品集超均价表,韭菜,新鲜,元/500克,5.65,,,,,福州市主副食品集超均价表，集超均价,,,https://fgw.fuzhou.gov.cn/fgwzwgk/fzgggz/jgysf/msspjgxq/zfsp/202609/t20260923_5375149.htm
福州市,2026-09-23,2026年9月23日福州市主副食品集超均价表,油菜(菜心),新鲜,元/500克,4.60,,,,,福州市主副食品集超均价表，集超均价,,,https://fgw.fuzhou.gov.cn/fgwzwgk/fzgggz/jgysf/msspjgxq/zfsp/202609/t20260923_5375149.htm
福州市,2026-09-23,2026年9月23日福州市主副食品集超均价表,圆白菜,新鲜,元/500克,2.29,,,,,福州市主副食品集超均价表，集超均价,,,https://fgw.fuzhou.gov.cn/fgwzwgk/fzgggz/jgysf/msspjgxq/zfsp/202609/t20260923_5375149.htm
福州市,2026-09-23,2026年9月23日福州市主副食品集超均价表,大白菜,新鲜,元/500克,2.26,,,,,福州市主副食品集超均价表，集超均价,,,https://fgw.fuzhou.gov.cn/fgwzwgk/fzgggz/jgysf/msspjgxq/zfsp/202609/t20260923_5375149.htm
福州市,2026-09-23,2026年9月23日福州市主副食品集超均价表,西红柿,新鲜,元/500克,4.03,,,,,福州市主副食品集超均价表，集超均价,,,https://fgw.fuzhou.gov.cn/fgwzwgk/fzgggz/jgysf/msspjgxq/zfsp/202609/t20260923_5375149.htm
福州市,2026-09-23,2026年9月23日福州市主副食品集超均价表,黄瓜,新鲜,元/500克,3.62,,,,,福州市主副食品集超均价表，集超均价,,,https://fgw.fuzhou.gov.cn/fgwzwgk/fzgggz/jgysf/msspjgxq/zfsp/202609/t20260923_5375149.htm
福州市,2026-09-23,2026年9月23日福州市主副食品集超均价表,茄子,新鲜,元/500克,4.50,,,,,福州市主副食品集超均价表，集超均价,,,https://fgw.fuzhou.gov.cn/fgwzwgk/fzgggz/jgysf/msspjgxq/zfsp/202609/t20260923_5375149.htm
福州市,2026-09-23,2026年9月23日福州市主副食品集超均价表,豆角,新鲜,元/500克,7.52,,,,,福州市主副食品集超均价表，集超均价,,,https://fgw.fuzhou.gov.cn/fgwzwgk/fzgggz/jgysf/msspjgxq/zfsp/202609/t20260923_5375149.htm
福州市,2026-09-23,2026年9月23日福州市主副食品集超均价表,青椒,新鲜,元/500克,7.00,,,,,福州市主副食品集超均价表，集超均价,,,https://fgw.fuzhou.gov.cn/fgwzwgk/fzgggz/jgysf/msspjgxq/zfsp/202609/t20260923_5375149.htm
福州市,2026-09-23,2026年9月23日福州市主副食品集超均价表,尖椒,新鲜,元/500克,5.96,,,,,福州市主副食品集超均价表，集超均价,,,https://fgw.fuzhou.gov.cn/fgwzwgk/fzgggz/jgysf/msspjgxq/zfsp/202609/t20260923_5375149.htm
福州市,2026-09-23,2026年9月23日福州市主副食品集超均价表,花菜,新鲜,元/500克,4.91,,,,,福州市主副食品集超均价表，集超均价,,,https://fgw.fuzhou.gov.cn/fgwzwgk/fzgggz/jgysf/msspjgxq/zfsp/202609/t20260923_5375149.htm
福州市,2026-09-23,2026年9月23日福州市主副食品集超均价表,上海青,新鲜,元/500克,3.75,,,,,福州市主副食品集超均价表，集超均价,,,https://fgw.fuzhou.gov.cn/fgwzwgk/fzgggz/jgysf/msspjgxq/zfsp/202609/t20260923_5375149.htm
福州市,2026-09-23,2026年9月23日福州市主副食品集超均价表,空心菜,新鲜,元/500克,4.53,,,,,福州市主副食品集超均价表，集超均价,,,https://fgw.fuzhou.gov.cn/fgwzwgk/fzgggz/jgysf/msspjgxq/zfsp/202609/t20260923_5375149.htm
福州市,2026-09-23,2026年9月23日福州市主副食品集超均价表,苹果,新鲜,元/500克,8.46,,,,,福州市主副食品集超均价表，集超均价,,,https://fgw.fuzhou.gov.cn/fgwzwgk/fzgggz/jgysf/msspjgxq/zfsp/202609/t20260923_5375149.htm
福州市,2026-09-23,2026年9月23日福州市主副食品集超均价表,香蕉,新鲜,元/500克,4.84,,,,,福州市主副食品集超均价表，集超均价,,,https://fgw.fuzhou.gov.cn/fgwzwgk/fzgggz/jgysf/msspjgxq/zfsp/202609/t20260923_5375149.htm
福州市,2026-09-23,2026年9月23日福州市主副食品集超均价表,梨,新鲜,元/500克,4.90,,,,,福州市主副食品集超均价表，集超均价,,,https://fgw.fuzhou.gov.cn/fgwzwgk/fzgggz/jgysf/msspjgxq/zfsp/202609/t20260923_5375149.htm
福州市,2026-09-23,2026年9月23日福州市主副食品集超均价表,脐橙,新鲜,元/500克,4.89,,,,,福州市主副食品集超均价表，集超均价,,,https://fgw.fuzhou.gov.cn/fgwzwgk/fzgggz/jgysf/msspjgxq/zfsp/202609/t20260923_5375149.htm
福州市,2026-09-23,2026年9月23日福州市主副食品集超均价表,牛奶,纯牛奶 盒装,元/盒（250毫升）,2.71,,,,,福州市主副食品集超均价表，集超均价,,,https://fgw.fuzhou.gov.cn/fgwzwgk/fzgggz/jgysf/msspjgxq/zfsp/202609/t20260923_5375149.htm
湖南省,2026-09-24,2026年09月21日至2026年09月24日湖南省全省重要民生商品价格监测情况,富强粉,特一粉,元/500克,3.04,,,,,全省重要民生商品价格监测报表（集市）,,-0.33%,https://fgw.hunan.gov.cn/fgw/tslm_77952/mtgz/202609/t20260924_34071955.html
湖南省,2026-09-24,2026年09月21日至2026年09月24日湖南省全省重要民生商品价格监测情况,标准粉,特一级,元/500克,2.63,,,,,全省重要民生商品价格监测报表（集市）,,-1.87%,https://fgw.hunan.gov.cn/fgw/tslm_77952/mtgz/202609/t20260924_34071955.html
湖南省,2026-09-24,2026年09月21日至2026年09月24日湖南省全省重要民生商品价格监测情况,早籼米,标一500克,元/500克,2.20,,,,,全省重要民生商品价格监测报表（集市）,,-0.90%,https://fgw.hunan.gov.cn/fgw/tslm_77952/mtgz/202609/t20260924_34071955.html
湖南省,2026-09-24,2026年09月21日至2026年09月24日湖南省全省重要民生商品价格监测情况,晚籼米,标一500克,元/500克,2.58,,,,,全省重要民生商品价格监测报表（集市）,,-0.39%,https://fgw.hunan.gov.cn/fgw/tslm_77952/mtgz/202609/t20260924_34071955.html
湖南省,2026-09-24,2026年09月21日至2026年09月24日湖南省全省重要民生商品价格监测情况,粳米,标一500克,元/500克,2.73,,,,,全省重要民生商品价格监测报表（集市）,,-1.09%,https://fgw.hunan.gov.cn/fgw/tslm_77952/mtgz/202609/t20260924_34071955.html
湖南省,2026-09-24,2026年09月21日至2026年09月24日湖南省全省重要民生商品价格监测情况,花生油,一级桶装5升,元/桶,142.99,,,,,全省重要民生商品价格监测报表（集市）,,-1.41%,https://fgw.hunan.gov.cn/fgw/tslm_77952/mtgz/202609/t20260924_34071955.html
湖南省,2026-09-24,2026年09月21日至2026年09月24日湖南省全省重要民生商品价格监测情况,大豆油,一级桶装调和油5升,元/桶,60.63,,,,,全省重要民生商品价格监测报表（集市）,,-1.59%,https://fgw.hunan.gov.cn/fgw/tslm_77952/mtgz/202609/t20260924_34071955.html
湖南省,2026-09-24,2026年09月21日至2026年09月24日湖南省全省重要民生商品价格监测情况,菜籽油,一级桶装5升,元/桶,76.43,,,,,全省重要民生商品价格监测报表（集市）,,1.41%,https://fgw.hunan.gov.cn/fgw/tslm_77952/mtgz/202609/t20260924_34071955.html
湖南省,2026-09-24,2026年09月21日至2026年09月24日湖南省全省重要民生商品价格监测情况,大豆油,一级桶装5升,元/桶,57.19,,,,,全省重要民生商品价格监测报表（集市）,,-1.84%,https://fgw.hunan.gov.cn/fgw/tslm_77952/mtgz/202609/t20260924_34071955.html
湖南省,2026-09-24,2026年09月21日至2026年09月24日湖南省全省重要民生商品价格监测情况,生猪,公斤,元/公斤,11.60,,,,,全省重要民生商品价格监测报表（集市）,,-0.17%,https://fgw.hunan.gov.cn/fgw/tslm_77952/mtgz/202609/t20260924_34071955.html
湖南省,2026-09-24,2026年09月21日至2026年09月24日湖南省全省重要民生商品价格监测情况,仔猪,良种500克,元/500克,9.83,,,,,全省重要民生商品价格监测报表（集市）,,-1.40%,https://fgw.hunan.gov.cn/fgw/tslm_77952/mtgz/202609/t20260924_34071955.html
湖南省,2026-09-24,2026年09月21日至2026年09月24日湖南省全省重要民生商品价格监测情况,鲜猪肉,精瘦肉500克,元/500克,12.12,,,,,全省重要民生商品价格监测报表（集市）,,0.58%,https://fgw.hunan.gov.cn/fgw/tslm_77952/mtgz/202609/t20260924_34071955.html
湖南省,2026-09-24,2026年09月21日至2026年09月24日湖南省全省重要民生商品价格监测情况,鲜牛肉,去骨500克,元/500克,42.29,,,,,全省重要民生商品价格监测报表（集市）,,5.15%,https://fgw.hunan.gov.cn/fgw/tslm_77952/mtgz/202609/t20260924_34071955.html
湖南省,2026-09-24,2026年09月21日至2026年09月24日湖南省全省重要民生商品价格监测情况,鲜羊肉,带骨500克,元/500克,34.91,,,,,全省重要民生商品价格监测报表（集市）,,3.44%,https://fgw.hunan.gov.cn/fgw/tslm_77952/mtgz/202609/t20260924_34071955.html
湖南省,2026-09-24,2026年09月21日至2026年09月24日湖南省全省重要民生商品价格监测情况,鸡肉,白条鸡开膛上等500克,元/500克,12.64,,,,,全省重要民生商品价格监测报表（集市）,,-0.71%,https://fgw.hunan.gov.cn/fgw/tslm_77952/mtgz/202609/t20260924_34071955.html
湖南省,2026-09-24,2026年09月21日至2026年09月24日湖南省全省重要民生商品价格监测情况,鸡蛋,鸡场蛋500克,元/500克,6.90,,,,,全省重要民生商品价格监测报表（集市）,,0.58%,https://fgw.hunan.gov.cn/fgw/tslm_77952/mtgz/202609/t20260924_34071955.html
湖南省,2026-09-24,2026年09月21日至2026年09月24日湖南省全省重要民生商品价格监测情况,草鱼,活500克,元/500克,9.91,,,,,全省重要民生商品价格监测报表（集市）,,0.61%,https://fgw.hunan.gov.cn/fgw/tslm_77952/mtgz/202609/t20260924_34071955.html
湖南省,2026-09-24,2026年09月21日至2026年09月24日湖南省全省重要民生商品价格监测情况,鲤鱼,活500克,元/500克,9.89,,,,,全省重要民生商品价格监测报表（集市）,,-0.40%,https://fgw.hunan.gov.cn/fgw/tslm_77952/mtgz/202609/t20260924_34071955.html
湖南省,2026-09-24,2026年09月21日至2026年09月24日湖南省全省重要民生商品价格监测情况,大白菜,一级500克,元/500克,1.91,,,,,全省重要民生商品价格监测报表（集市）,,2.69%,https://fgw.hunan.gov.cn/fgw/tslm_77952/mtgz/202609/t20260924_34071955.html
湖南省,2026-09-24,2026年09月21日至2026年09月24日湖南省全省重要民生商品价格监测情况,黄瓜,一级500克,元/500克,3.07,,,,,全省重要民生商品价格监测报表（集市）,,-2.54%,https://fgw.hunan.gov.cn/fgw/tslm_77952/mtgz/202609/t20260924_34071955.html
湖南省,2026-09-24,2026年09月21日至2026年09月24日湖南省全省重要民生商品价格监测情况,茄子,一级500克,元/500克,3.44,,,,,全省重要民生商品价格监测报表（集市）,,-0.29%,https://fgw.hunan.gov.cn/fgw/tslm_77952/mtgz/202609/t20260924_34071955.html
湖南省,2026-09-24,2026年09月21日至2026年09月24日湖南省全省重要民生商品价格监测情况,西红柿,一级500克,元/500克,3.86,,,,,全省重要民生商品价格监测报表（集市）,,-0.26%,https://fgw.hunan.gov.cn/fgw/tslm_77952/mtgz/202609/t20260924_34071955.html
湖南省,2026-09-24,2026年09月21日至2026年09月24日湖南省全省重要民生商品价格监测情况,青椒,一级500克,元/500克,3.70,,,,,全省重要民生商品价格监测报表（集市）,,4.82%,https://fgw.hunan.gov.cn/fgw/tslm_77952/mtgz/202609/t20260924_34071955.html
湖南省,2026-09-24,2026年09月21日至2026年09月24日湖南省全省重要民生商品价格监测情况,白萝卜,一级500克,元/500克,1.62,,,,,全省重要民生商品价格监测报表（集市）,,0.62%,https://fgw.hunan.gov.cn/fgw/tslm_77952/mtgz/202609/t20260924_34071955.html
湖南省,2026-09-24,2026年09月21日至2026年09月24日湖南省全省重要民生商品价格监测情况,南瓜,一级500克,元/500克,1.96,,,,,全省重要民生商品价格监测报表（集市）,,2.62%,https://fgw.hunan.gov.cn/fgw/tslm_77952/mtgz/202609/t20260924_34071955.html
湖南省,2026-09-24,2026年09月21日至2026年09月24日湖南省全省重要民生商品价格监测情况,苹果,红富士一级500克,元/500克,6.87,,,,,全省重要民生商品价格监测报表（集市）,,-0.58%,https://fgw.hunan.gov.cn/fgw/tslm_77952/mtgz/202609/t20260924_34071955.html
湖南省,2026-09-24,2026年09月21日至2026年09月24日湖南省全省重要民生商品价格监测情况,香蕉,国产一级500克,元/500克,3.07,,,,,全省重要民生商品价格监测报表（集市）,,-2.85%,https://fgw.hunan.gov.cn/fgw/tslm_77952/mtgz/202609/t20260924_34071955.html
湖南省,2026-09-24,2026年09月21日至2026年09月24日湖南省全省重要民生商品价格监测情况,西瓜,本地主销一级500克,元/500克,2.31,,,,,全省重要民生商品价格监测报表（集市）,,11.59%,https://fgw.hunan.gov.cn/fgw/tslm_77952/mtgz/202609/t20260924_34071955.html
湖南省,2026-09-24,2026年09月21日至2026年09月24日湖南省全省重要民生商品价格监测情况,液化气,公斤,元/公斤,11.12,,,,,全省重要民生商品价格监测报表（集市）,,-0.98%,https://fgw.hunan.gov.cn/fgw/tslm_77952/mtgz/202609/t20260924_34071955.html
湖南省,2026-09-24,2026年09月21日至2026年09月24日湖南省全省重要民生商品价格监测情况,蜂窝煤,民用一百公斤,元/百公斤,104.14,,,,,全省重要民生商品价格监测报表（集市）,,0.00%,https://fgw.hunan.gov.cn/fgw/tslm_77952/mtgz/202609/t20260924_34071955.html
